"A1,F,P:F,Needs_Apartment,C1,Davis,Aeropace Science and Engineering,UC Davis,V1"
"B1,M,P:M,Needs_Roommate,C2,Sacramento,African American and African Studies,UC Davis,V2"
"C1,F,P:E,Needs_Both,C3,Dixon,Agricultural and Environmental Education,UC Davis,V3"
"D1,M,P:F,Needs_Apartment,C4,Woodland,American Studies,UC Davis,V4"
"E1,F,P:M,Needs_Roommate,C5,West Sacramento,Animal Biology,UC Davis,V5"
"F1,M,P:E,Needs_Both,C6,Vacaville,Animal Science,UC Davis,V6"
"G1,F,P:F,Needs_Apartment,C7,Florin,Animal Science and Management,UC Davis,V7"
"H1,M,P:M,Needs_Roommate,C8,Rio Linda,Anthropology,UC Davis,V8"
"I1,F,P:E,Needs_Both,C9,Rosemont,Applied Chemistry,UC Davis,V9"
"J1,M,P:F,Needs_Apartment,C10,La Riviera,Applied Mathematics,UC Davis,V10"
"K1,F,P:M,Needs_Roommate,C1,Elk Grove,Applied Physics,UC Davis,V1"
"L1,M,P:E,Needs_Both,C2,North Highlands,Art History,UC Davis,V2"
"M1,F,P:F,Needs_Apartment,C3,Foorhil Farms,Art Studio,UC Davis,V3"
"N1,M,P:M,Needs_Roommate,C4,Fairfield,Asian American Studies,UC Davis,V4"
"O1,F,P:E,Needs_Both,C5,San Francisco,Atmospheric Science,UC Davis,V5"
"P1,M,P:F,Needs_Apartment,C6,Oakland,Biochemical Engineerings,UC Davis,V6"
"Q1,F,P:M,Needs_Roommate,C7,Stockton,Biochemistry and Molecular Biology,UC Davis,V7"
"R1,M,P:E,Needs_Both,C8,Winters,Biological Sciences,UC Davis,V8"
"S1,F,P:F,Needs_Apartment,C9,Davis,Biological Systems Engineering,UC Davis,V9"
"T1,M,P:M,Needs_Roommate,C10,Sacramento,Biomedical Engineering,UC Davis,V10"
"U1,F,P:E,Needs_Both,C1,Dixon,Biotechnology,UC Davis,V1"
"V1,M,P:F,Needs_Apartment,C2,Woodland,Cell Biology,UC Davis,V2"
"X1,F,P:M,Needs_Roommate,C3,West Sacramento,Chemical Engineering,UC Davis,V3"
"Y1,M,P:E,Needs_Both,C4,Vacaville,Chemical Physics,UC Davis,V4"
"Z1,F,P:F,Needs_Apartment,C5,Florin,Chemistry,UC Davis,V5"
"A2,M,P:M,Needs_Roommate,C6,Rio Linda,Chicana/Chicano Studies,UC Davis,V6"
"B2,F,P:E,Needs_Both,C7,Rosemont,Chinese,UC Davis,V7"
"C2,M,P:F,Needs_Apartment,C8,La Riviera,Cinema and Digital Media,UC Davis,V8"
"D2,F,P:M,Needs_Roommate,C9,Elk Grove,Civil Engineering,UC Davis,V9"
"E2,M,P:E,Needs_Both,C10,North Highlands,Classical Civilization,UC Davis,V10"
"F2,F,P:F,Needs_Apartment,C1,Foorhil Farms,Clinical Nutrition,UC Davis,V1"
"G2,M,P:M,Needs_Roommate,C2,Fairfield,Cognitive Science,UC Davis,V2"
"H2,F,P:E,Needs_Both,C3,San Francisco,Communication,UC Davis,V3"
"I2,M,P:F,Needs_Apartment,C4,Oakland,Community and Regional Development,UC Davis,V4"
"J2,F,P:M,Needs_Roommate,C5,Stockton,Comparative Literature,UC Davis,V5"
"K2,M,P:E,Needs_Both,C6,Winters,Computer Engineering,UC Davis,V6"
"L2,F,P:F,Needs_Apartment,C7,Davis,Computer Science,UC Davis,V7"
"M2,M,P:M,Needs_Roommate,C8,Sacramento,Computer Science and Engineering,UC Davis,V8"
"N2,F,P:E,Needs_Both,C9,Dixon,Design,UC Davis,V9"
"O2,M,P:F,Needs_Apartment,C10,Woodland,East Asian Studies,UC Davis,V10"
"P2,F,P:M,Needs_Roommate,C1,West Sacramento,Ecological Management and Restoration,UC Davis,V1"
"Q2,M,P:E,Needs_Both,C2,Vacaville,Economics,UC Davis,V2"
"R2,F,P:F,Needs_Apartment,C3,Florin,Electrical Engineering,UC Davis,V3"
"S2,M,P:M,Needs_Roommate,C4,Rio Linda,English,UC Davis,V4"
"T2,F,P:E,Needs_Both,C5,Rosemont,Entomology,UC Davis,V5"
"U2,M,P:F,Needs_Apartment,C6,La Riviera,Environmental Engineering,UC Davis,V6"
"V2,F,P:M,Needs_Roommate,C7,Elk Grove,Environmental Horticulture and Urban Forestry,UC Davis,V7"
"X2,M,P:E,Needs_Both,C8,North Highlands,Environmental Policy Analysis and Planning,UC Davis,V8"
"Y2,F,P:F,Needs_Apartment,C9,Foorhil Farms,Environmental Science and Management,UC Davis,V9"
"Z2,M,P:M,Needs_Roommate,C10,Fairfield,Environmental Toxicology,UC Davis,V10"
"A3,F,P:E,Needs_Both,C1,San Francisco,Evolution, Ecology and Biodiversity,UC Davis,V1"
"B3,M,P:F,Needs_Apartment,C2,Oakland,Food Science,UC Davis,V2"
"C3,F,P:M,Needs_Roommate,C3,Stockton,French,UC Davis,V3"
"D3,M,P:E,Needs_Both,C4,Winters,Gender, Sexuality and Women's Studies,UC Davis,V4"
"E3,F,P:F,Needs_Apartment,C5,Davis,Genetics and Genomics,UC Davis,V5"
"F3,M,P:M,Needs_Roommate,C6,Sacramento,Geology,UC Davis,V6"
"G3,F,P:E,Needs_Both,C7,Dixon,German,UC Davis,V7"
"H3,M,P:F,Needs_Apartment,C8,Woodland,Global Disease Biology,UC Davis,V8"
"I3,F,P:M,Needs_Roommate,C9,West Sacramento,History,UC Davis,V9"
"J3,M,P:E,Needs_Both,C10,Vacaville,Human Development,UC Davis,V10"
"K3,F,P:F,Needs_Apartment,C1,Florin,Hydrology,UC Davis,V1"
"L3,M,P:M,Needs_Roommate,C2,Rio Linda,International Agricultural Development,UC Davis,V2"
"M3,F,P:E,Needs_Both,C3,Rosemont,International Relations,UC Davis,V3"
"N3,M,P:F,Needs_Apartment,C4,La Riviera,Italian,UC Davis,V4"
"O3,F,P:M,Needs_Roommate,C5,Elk Grove,Japanese,UC Davis,V5"
"P3,M,P:E,Needs_Both,C6,North Highlands,Landscape Architecture,UC Davis,V6"
"Q3,F,P:F,Needs_Apartment,C7,Foorhil Farms,Linguistics,UC Davis,V7"
"R3,M,P:M,Needs_Roommate,C8,Fairfield,Managerial Economics,UC Davis,V8"
"S3,F,P:E,Needs_Both,C9,San Francisco,Marine and Coastal Science-Coastal Environmental Processes or Marine Environmental Chemistry,UC Davis,V9"
"T3,M,P:F,Needs_Apartment,C10,Oakland,Marine and Coastal Science-Marine Ecology and Organismal Biology,UC Davis,V10"
"U3,F,P:M,Needs_Roommate,C1,Stockton,Marine and Coastal Science-Oceans and the Earth System,UC Davis,V1"
"V3,M,P:E,Needs_Both,C2,Winters,Materials Science and Engineering,UC Davis,V2"
"X3,F,P:F,Needs_Apartment,C3,Davis,Mathematical Analytics and Operations Research,UC Davis,V3"
"Y3,M,P:M,Needs_Roommate,C4,Sacramento,Mathematical and Scientific Computation,UC Davis,V4"
"Z3,F,P:E,Needs_Both,C5,Dixon,Mathematics,UC Davis,V5"
"A4,M,P:F,Needs_Apartment,C6,Woodland,Mechanical Engineering,UC Davis,V6"
"B4,F,P:M,Needs_Roommate,C7,West Sacramento,Medieval and Early Modern Studies,UC Davis,V7"
"C4,M,P:E,Needs_Both,C8,Vacaville,Microbiology,UC Davis,V8"
"D4,F,P:F,Needs_Apartment,C9,Florin,Middle East/South Asia Studies,UC Davis,V9"
"E4,M,P:M,Needs_Roommate,C10,Rio Linda,Music,UC Davis,V10"
"F4,F,P:E,Needs_Both,C1,Rosemont,Native American Studies,UC Davis,V1"
"G4,M,P:F,Needs_Apartment,C2,La Riviera,Neurobiology, Physiology and Behavior,UC Davis,V2"
"H4,F,P:M,Needs_Roommate,C3,Elk Grove,Nutrition Science,UC Davis,V3"
"I4,M,P:E,Needs_Both,C4,North Highlands,Pharmaceutical Chemistry,UC Davis,V4"
"J4,F,P:F,Needs_Apartment,C5,Foorhil Farms,Philosophy,UC Davis,V5"
"K4,M,P:M,Needs_Roommate,C6,Fairfield,Physics,UC Davis,V6"
"L4,F,P:E,Needs_Both,C7,San Francisco,Plant Biology,UC Davis,V7"
"M4,M,P:F,Needs_Apartment,C8,Oakland,Plant Sciences,UC Davis,V8"
"N4,F,P:M,Needs_Roommate,C9,Stockton,Political Science,UC Davis,V9"
"O4,M,P:E,Needs_Both,C10,Winters,Political Science - Public Service,UC Davis,V10"
"P4,F,P:F,Needs_Apartment,C1,Davis,Psychology,UC Davis,V1"
"Q4,M,P:M,Needs_Roommate,C2,Sacramento,Religious Studies,UC Davis,V2"
"R4,F,P:E,Needs_Both,C3,Dixon,Russian,UC Davis,V3"
"S4,M,P:F,Needs_Apartment,C4,Woodland,Science and Technology Studies,UC Davis,V4"
"T4,F,P:M,Needs_Roommate,C5,West Sacramento,Sociology,UC Davis,V5"
"U4,M,P:E,Needs_Both,C6,Vacaville,Sociology-Organizational Studies,UC Davis,V6"
"V4,F,P:F,Needs_Apartment,C7,Florin,Spanish,UC Davis,V7"
"W4,M,P:M,Needs_Roommate,C8,Rio Linda,Statistics,UC Davis,V8"
"X4,F,P:E,Needs_Both,C9,Rosemont,Sustainable Agriculture and Food Systems,UC Davis,V9"
"Y4,M,P:F,Needs_Apartment,C10,La Riviera,Sustainable Environmental Design,UC Davis,V10"
"Z4,F,P:M,Needs_Roommate,C1,Elk Grove,Theatre and Dance,UC Davis,V1"
"A5,M,P:E,Needs_Both,C2,North Highlands,Undeclared/Exploratory Program,UC Davis,V2"
"B5,F,P:F,Needs_Apartment,C3,Foorhil Farms,Undeclared-Fine Arts,UC Davis,V3"
"C5,M,P:M,Needs_Roommate,C4,Fairfield,Undeclared-Humanities,UC Davis,V4"
"D5,F,P:E,Needs_Both,C5,San Francisco,Undeclared-Life Sciences,UC Davis,V5"
"E5,M,P:F,Needs_Apartment,C6,Oakland,Undeclared-Physical Sciences,UC Davis,V6"
"F5,F,P:M,Needs_Roommate,C7,Stockton,Undeclared-Social Sciences,UC Davis,V7"
"G5,M,P:E,Needs_Both,C8,Winters,Viticulture and Enology,UC Davis,V8"
"H5,F,P:F,Needs_Apartment,C9,Davis,Wildlife, Fish and Conservation Biology,UC Davis,V9"
"I5,M,P:M,Needs_Roommate,C10,Sacramento,Aeropace Science and Engineering,UC Davis,V10"
"J5,F,P:E,Needs_Both,C1,Dixon,African American and African Studies,UC Davis,V1"
"K5,M,P:F,Needs_Apartment,C2,Woodland,Agricultural and Environmental Education,UC Davis,V2"
"L5,F,P:M,Needs_Roommate,C3,West Sacramento,American Studies,UC Davis,V3"
"M5,M,P:E,Needs_Both,C4,Vacaville,Animal Biology,UC Davis,V4"
"N5,F,P:F,Needs_Apartment,C5,Florin,Animal Science,UC Davis,V5"
"O5,M,P:M,Needs_Roommate,C6,Rio Linda,Animal Science and Management,UC Davis,V6"
"P5,F,P:E,Needs_Both,C7,Rosemont,Anthropology,UC Davis,V7"
"Q5,M,P:F,Needs_Apartment,C8,La Riviera,Applied Chemistry,UC Davis,V8"
"R5,F,P:M,Needs_Roommate,C9,Elk Grove,Applied Mathematics,UC Davis,V9"
"S5,M,P:E,Needs_Both,C10,North Highlands,Applied Physics,UC Davis,V10"
"T5,F,P:F,Needs_Apartment,C1,Foorhil Farms,Art History,UC Davis,V1"
"U5,M,P:M,Needs_Roommate,C2,Fairfield,Art Studio,UC Davis,V2"
"V5,F,P:E,Needs_Both,C3,San Francisco,Asian American Studies,UC Davis,V3"
"W5,M,P:F,Needs_Apartment,C4,Oakland,Atmospheric Science,UC Davis,V4"
"X5,F,P:M,Needs_Roommate,C5,Stockton,Biochemical Engineerings,UC Davis,V5"
"Y5,M,P:E,Needs_Both,C6,Winters,Biochemistry and Molecular Biology,UC Davis,V6"
"Z5,F,P:F,Needs_Apartment,C7,Davis,Biological Sciences,UC Davis,V7"
"A6,M,P:M,Needs_Roommate,C8,Sacramento,Biological Systems Engineering,UC Davis,V8"
"B6,F,P:E,Needs_Both,C9,Dixon,Biomedical Engineering,UC Davis,V9"
"C6,M,P:F,Needs_Apartment,C10,Woodland,Biotechnology,UC Davis,V10"
"D6,F,P:M,Needs_Roommate,C1,West Sacramento,Cell Biology,UC Davis,V1"
"E6,M,P:E,Needs_Both,C2,Vacaville,Chemical Engineering,UC Davis,V2"
"F6,F,P:F,Needs_Apartment,C3,Florin,Chemical Physics,UC Davis,V3"
"G6,M,P:M,Needs_Roommate,C4,Rio Linda,Chemistry,UC Davis,V4"
"H6,F,P:E,Needs_Both,C5,Rosemont,Chicana/Chicano Studies,UC Davis,V5"
"I6,M,P:F,Needs_Apartment,C6,La Riviera,Chinese,UC Davis,V6"
"J6,F,P:M,Needs_Roommate,C7,Elk Grove,Cinema and Digital Media,UC Davis,V7"
"K6,M,P:E,Needs_Both,C8,North Highlands,Civil Engineering,UC Davis,V8"
"L6,F,P:F,Needs_Apartment,C9,Foorhil Farms,Classical Civilization,UC Davis,V9"
"M6,M,P:M,Needs_Roommate,C10,Fairfield,Clinical Nutrition,UC Davis,V10"
"N6,F,P:E,Needs_Both,C1,San Francisco,Cognitive Science,UC Davis,V1"
"O6,M,P:F,Needs_Apartment,C2,Oakland,Communication,UC Davis,V2"
"P6,F,P:M,Needs_Roommate,C3,Stockton,Community and Regional Development,UC Davis,V3"
"Q6,M,P:E,Needs_Both,C4,Winters,Comparative Literature,UC Davis,V4"
"R6,F,P:F,Needs_Apartment,C5,Davis,Computer Engineering,UC Davis,V5"
"S6,M,P:M,Needs_Roommate,C6,Sacramento,Computer Science,UC Davis,V6"
"T6,F,P:E,Needs_Both,C7,Dixon,Computer Science and Engineering,UC Davis,V7"
"U6,M,P:F,Needs_Apartment,C8,Woodland,Design,UC Davis,V8"
"V6,F,P:M,Needs_Roommate,C9,West Sacramento,East Asian Studies,UC Davis,V9"
"X6,M,P:E,Needs_Both,C10,Vacaville,Ecological Management and Restoration,UC Davis,V10"
"Y6,F,P:F,Needs_Apartment,C1,Florin,Economics,UC Davis,V1"
"Z6,M,P:M,Needs_Roommate,C2,Rio Linda,Electrical Engineering,UC Davis,V2"
"A7,F,P:E,Needs_Both,C3,Rosemont,English,UC Davis,V3"
"B7,M,P:F,Needs_Apartment,C4,La Riviera,Entomology,UC Davis,V4"
"C7,F,P:M,Needs_Roommate,C5,Elk Grove,Environmental Engineering,UC Davis,V5"
"D7,M,P:E,Needs_Both,C6,North Highlands,Environmental Horticulture and Urban Forestry,UC Davis,V6"
"E7,F,P:F,Needs_Apartment,C7,Foorhil Farms,Environmental Policy Analysis and Planning,UC Davis,V7"
"F7,M,P:M,Needs_Roommate,C8,Fairfield,Environmental Science and Management,UC Davis,V8"
"G7,F,P:E,Needs_Both,C9,San Francisco,Environmental Toxicology,UC Davis,V9"
"H7,M,P:F,Needs_Apartment,C10,Oakland,Evolution, Ecology and Biodiversity,UC Davis,V10"
"I7,F,P:M,Needs_Roommate,C1,Stockton,Food Science,UC Davis,V1"
"J7,M,P:E,Needs_Both,C2,Winters,French,UC Davis,V2"
"K7,F,P:F,Needs_Apartment,C3,Davis,Gender, Sexuality and Women's Studies,UC Davis,V3"
"L7,M,P:M,Needs_Roommate,C4,Sacramento,Genetics and Genomics,UC Davis,V4"
"M7,F,P:E,Needs_Both,C5,Dixon,Geology,UC Davis,V5"
"N7,M,P:F,Needs_Apartment,C6,Woodland,German,UC Davis,V6"
"O7,F,P:M,Needs_Roommate,C7,West Sacramento,Global Disease Biology,UC Davis,V7"
"P7,M,P:E,Needs_Both,C8,Vacaville,History,UC Davis,V8"
"Q7,F,P:F,Needs_Apartment,C9,Florin,Human Development,UC Davis,V9"
"R7,M,P:M,Needs_Roommate,C10,Rio Linda,Hydrology,UC Davis,V10"
"S7,F,P:E,Needs_Both,C1,Rosemont,International Agricultural Development,UC Davis,V1"
"T7,M,P:F,Needs_Apartment,C2,La Riviera,International Relations,UC Davis,V2"
"U7,F,P:M,Needs_Roommate,C3,Elk Grove,Italian,UC Davis,V3"
"V7,M,P:E,Needs_Both,C4,North Highlands,Japanese,UC Davis,V4"
"X7,F,P:F,Needs_Apartment,C5,Foorhil Farms,Landscape Architecture,UC Davis,V5"
"Y7,M,P:M,Needs_Roommate,C6,Fairfield,Linguistics,UC Davis,V6"
"Z7,F,P:E,Needs_Both,C7,San Francisco,Managerial Economics,UC Davis,V7"
"A8,M,P:F,Needs_Apartment,C8,Oakland,Marine and Coastal Science-Coastal Environmental Processes or Marine Environmental Chemistry,UC Davis,V8"
"A9,F,P:M,Needs_Roommate,C9,Stockton,Marine and Coastal Science-Marine Ecology and Organismal Biology,UC Davis,V9"
"A10,M,P:E,Needs_Both,C10,Winters,Marine and Coastal Science-Oceans and the Earth System,UC Davis,V10"
"A11,F,P:F,Needs_Apartment,C1,Davis,Materials Science and Engineering,UC Davis,V1"
"A12,M,P:M,Needs_Roommate,C2,Sacramento,Mathematical Analytics and Operations Research,UC Davis,V2"
"A13,F,P:E,Needs_Both,C3,Dixon,Mathematical and Scientific Computation,UC Davis,V3"
"A14,M,P:F,Needs_Apartment,C4,Woodland,Mathematics,UC Davis,V4"
"A15,F,P:M,Needs_Roommate,C5,West Sacramento,Mechanical Engineering,UC Davis,V5"
"A16,M,P:E,Needs_Both,C6,Vacaville,Medieval and Early Modern Studies,UC Davis,V6"
"A17,F,P:F,Needs_Apartment,C7,Florin,Microbiology,UC Davis,V7"
"A18,M,P:M,Needs_Roommate,C8,Rio Linda,Middle East/South Asia Studies,UC Davis,V8"
"A19,F,P:E,Needs_Both,C9,Rosemont,Music,UC Davis,V9"
"A20,M,P:F,Needs_Apartment,C10,La Riviera,Native American Studies,UC Davis,V10"
"A21,F,P:M,Needs_Roommate,C1,Elk Grove,Neurobiology, Physiology and Behavior,UC Davis,V1"
"A22,M,P:E,Needs_Both,C2,North Highlands,Nutrition Science,UC Davis,V2"
"A23,F,P:F,Needs_Apartment,C3,Foorhil Farms,Pharmaceutical Chemistry,UC Davis,V3"
"A24,M,P:M,Needs_Roommate,C4,Fairfield,Philosophy,UC Davis,V4"
"A25,F,P:E,Needs_Both,C5,San Francisco,Physics,UC Davis,V5"
"A26,M,P:F,Needs_Apartment,C6,Oakland,Plant Biology,UC Davis,V6"
"A27,F,P:M,Needs_Roommate,C7,Stockton,Plant Sciences,UC Davis,V7"
"A28,M,P:E,Needs_Both,C8,Winters,Political Science,UC Davis,V8"
"A29,F,P:F,Needs_Apartment,C9,Davis,Political Science - Public Service,UC Davis,V9"
"A30,M,P:M,Needs_Roommate,C10,Sacramento,Psychology,UC Davis,V10"
"B8,F,P:E,Needs_Both,C1,Dixon,Religious Studies,UC Davis,V1"
"B9,M,P:F,Needs_Apartment,C2,Woodland,Russian,UC Davis,V2"
"B10,F,P:M,Needs_Roommate,C3,West Sacramento,Science and Technology Studies,UC Davis,V3"
"B11,M,P:E,Needs_Both,C4,Vacaville,Sociology,UC Davis,V4"
"B12,F,P:F,Needs_Apartment,C5,Florin,Sociology-Organizational Studies,UC Davis,V5"
"B13,M,P:M,Needs_Roommate,C6,Rio Linda,Spanish,UC Davis,V6"
"B14,F,P:E,Needs_Both,C7,Rosemont,Statistics,UC Davis,V7"
"B15,M,P:F,Needs_Apartment,C8,La Riviera,Sustainable Agriculture and Food Systems,UC Davis,V8"
"B16,F,P:M,Needs_Roommate,C9,Elk Grove,Sustainable Environmental Design,UC Davis,V9"
"B17,M,P:E,Needs_Both,C10,North Highlands,Theatre and Dance,UC Davis,V10"
"B18,F,P:F,Needs_Apartment,C1,Foorhil Farms,Undeclared/Exploratory Program,UC Davis,V1"
"B19,M,P:M,Needs_Roommate,C2,Fairfield,Undeclared-Fine Arts,UC Davis,V2"
"B20,F,P:E,Needs_Both,C3,San Francisco,Undeclared-Humanities,UC Davis,V3"
"B21,M,P:F,Needs_Apartment,C4,Oakland,Undeclared-Life Sciences,UC Davis,V4"
"B22,F,P:M,Needs_Roommate,C5,Stockton,Undeclared-Physical Sciences,UC Davis,V5"
"B23,M,P:E,Needs_Both,C6,Winters,Undeclared-Social Sciences,UC Davis,V6"
"B24,F,P:F,Needs_Apartment,C7,Davis,Viticulture and Enology,UC Davis,V7"
"B25,M,P:M,Needs_Roommate,C8,Sacramento,Wildlife, Fish and Conservation Biology,UC Davis,V8"
"B26,F,P:E,Needs_Both,C9,Dixon,Aeropace Science and Engineering,UC Davis,V9"
"B27,M,P:F,Needs_Apartment,C10,Woodland,African American and African Studies,UC Davis,V10"
"B28,F,P:M,Needs_Roommate,C1,West Sacramento,Agricultural and Environmental Education,UC Davis,V1"
"B29,M,P:E,Needs_Both,C2,Vacaville,American Studies,UC Davis,V2"
"B30,F,P:F,Needs_Apartment,C3,Florin,Animal Biology,UC Davis,V3"
"C8,M,P:M,Needs_Roommate,C4,Rio Linda,Animal Science,UC Davis,V4"
"C9,F,P:E,Needs_Both,C5,Rosemont,Animal Science and Management,UC Davis,V5"
"C10,M,P:F,Needs_Apartment,C6,La Riviera,Anthropology,UC Davis,V6"
"C11,F,P:M,Needs_Roommate,C7,Elk Grove,Applied Chemistry,UC Davis,V7"
"C12,M,P:E,Needs_Both,C8,North Highlands,Applied Mathematics,UC Davis,V8"
"C13,F,P:F,Needs_Apartment,C9,Foorhil Farms,Applied Physics,UC Davis,V9"
"C14,M,P:M,Needs_Roommate,C10,Fairfield,Art History,UC Davis,V10"
"C15,F,P:E,Needs_Both,C1,San Francisco,Art Studio,UC Davis,V1"
"C16,M,P:F,Needs_Apartment,C2,Oakland,Asian American Studies,UC Davis,V2"
"C17,F,P:M,Needs_Roommate,C3,Stockton,Atmospheric Science,UC Davis,V3"
"C18,M,P:E,Needs_Both,C4,Winters,Biochemical Engineerings,UC Davis,V4"
"C19,F,P:F,Needs_Apartment,C5,Davis,Biochemistry and Molecular Biology,UC Davis,V5"
"C20,M,P:M,Needs_Roommate,C6,Sacramento,Biological Sciences,UC Davis,V6"
"C21,F,P:E,Needs_Both,C7,Dixon,Biological Systems Engineering,UC Davis,V7"
"C22,M,P:F,Needs_Apartment,C8,Woodland,Biomedical Engineering,UC Davis,V8"
"C23,F,P:M,Needs_Roommate,C9,West Sacramento,Biotechnology,UC Davis,V9"
"C24,M,P:E,Needs_Both,C10,Vacaville,Cell Biology,UC Davis,V10"
"C25,F,P:F,Needs_Apartment,C1,Florin,Chemical Engineering,UC Davis,V1"
"C26,M,P:M,Needs_Roommate,C2,Rio Linda,Chemical Physics,UC Davis,V2"
"C27,F,P:E,Needs_Both,C3,Rosemont,Chemistry,UC Davis,V3"
"C28,M,P:F,Needs_Apartment,C4,La Riviera,Chicana/Chicano Studies,UC Davis,V4"
"C29,F,P:M,Needs_Roommate,C5,Elk Grove,Chinese,UC Davis,V5"
"C30,M,P:E,Needs_Both,C6,North Highlands,Cinema and Digital Media,UC Davis,V6"
"D8,F,P:F,Needs_Apartment,C7,Foorhil Farms,Civil Engineering,UC Davis,V7"
"D9,M,P:M,Needs_Roommate,C8,Fairfield,Classical Civilization,UC Davis,V8"
"D10,F,P:E,Needs_Both,C9,San Francisco,Clinical Nutrition,UC Davis,V9"
"D11,M,P:F,Needs_Apartment,C10,Oakland,Cognitive Science,UC Davis,V10"
"D12,F,P:M,Needs_Roommate,C1,Stockton,Communication,UC Davis,V1"
"D13,M,P:E,Needs_Both,C2,Winters,Community and Regional Development,UC Davis,V2"
"D14,F,P:F,Needs_Apartment,C3,Davis,Comparative Literature,UC Davis,V3"
"D15,M,P:M,Needs_Roommate,C4,Sacramento,Computer Engineering,UC Davis,V4"
"D16,F,P:E,Needs_Both,C5,Dixon,Computer Science,UC Davis,V5"
"D17,M,P:F,Needs_Apartment,C6,Woodland,Computer Science and Engineering,UC Davis,V6"
"D18,F,P:M,Needs_Roommate,C7,West Sacramento,Design,UC Davis,V7"
"D19,M,P:E,Needs_Both,C8,Vacaville,East Asian Studies,UC Davis,V8"
"D20,F,P:F,Needs_Apartment,C9,Florin,Ecological Management and Restoration,UC Davis,V9"
"D21,M,P:M,Needs_Roommate,C10,Rio Linda,Economics,UC Davis,V10"
"D22,F,P:E,Needs_Both,C1,Rosemont,Electrical Engineering,UC Davis,V1"
"D23,M,P:F,Needs_Apartment,C2,La Riviera,English,UC Davis,V2"
"D24,F,P:M,Needs_Roommate,C3,Elk Grove,Entomology,UC Davis,V3"
"D25,M,P:E,Needs_Both,C4,North Highlands,Environmental Engineering,UC Davis,V4"
"D26,F,P:F,Needs_Apartment,C5,Foorhil Farms,Environmental Horticulture and Urban Forestry,UC Davis,V5"
"D27,M,P:M,Needs_Roommate,C6,Fairfield,Environmental Policy Analysis and Planning,UC Davis,V6"
"D28,F,P:E,Needs_Both,C7,San Francisco,Environmental Science and Management,UC Davis,V7"
"D29,M,P:F,Needs_Apartment,C8,Oakland,Environmental Toxicology,UC Davis,V8"
"D30,F,P:M,Needs_Roommate,C9,Stockton,Evolution, Ecology and Biodiversity,UC Davis,V9"
"E8,M,P:E,Needs_Both,C10,Winters,Food Science,UC Davis,V10"
"E9,F,P:F,Needs_Apartment,C1,Davis,French,UC Davis,V1"
"E10,M,P:M,Needs_Roommate,C2,Sacramento,Gender, Sexuality and Women's Studies,UC Davis,V2"
"E11,F,P:E,Needs_Both,C3,Dixon,Genetics and Genomics,UC Davis,V3"
"E12,M,P:F,Needs_Apartment,C4,Woodland,Geology,UC Davis,V4"
"E13,F,P:M,Needs_Roommate,C5,West Sacramento,German,UC Davis,V5"
"E14,M,P:E,Needs_Both,C6,Vacaville,Global Disease Biology,UC Davis,V6"
"E15,F,P:F,Needs_Apartment,C7,Florin,History,UC Davis,V7"
"E16,M,P:M,Needs_Roommate,C8,Rio Linda,Human Development,UC Davis,V8"
"E17,F,P:E,Needs_Both,C9,Rosemont,Hydrology,UC Davis,V9"
"E18,M,P:F,Needs_Apartment,C10,La Riviera,International Agricultural Development,UC Davis,V10"
"E19,F,P:M,Needs_Roommate,C1,Elk Grove,International Relations,UC Davis,V1"
"E20,M,P:E,Needs_Both,C2,North Highlands,Italian,UC Davis,V2"
"E21,F,P:F,Needs_Apartment,C3,Foorhil Farms,Japanese,UC Davis,V3"
"E22,M,P:M,Needs_Roommate,C4,Fairfield,Landscape Architecture,UC Davis,V4"
"E23,F,P:E,Needs_Both,C5,San Francisco,Linguistics,UC Davis,V5"
"E24,M,P:F,Needs_Apartment,C6,Oakland,Managerial Economics,UC Davis,V6"
"E25,F,P:M,Needs_Roommate,C7,Stockton,Marine and Coastal Science-Coastal Environmental Processes or Marine Environmental Chemistry,UC Davis,V7"
"E26,M,P:E,Needs_Both,C8,Winters,Marine and Coastal Science-Marine Ecology and Organismal Biology,UC Davis,V8"
"E27,F,P:F,Needs_Apartment,C9,Davis,Marine and Coastal Science-Oceans and the Earth System,UC Davis,V9"
"E28,M,P:M,Needs_Roommate,C10,Sacramento,Materials Science and Engineering,UC Davis,V10"
"E29,F,P:E,Needs_Both,C1,Dixon,Mathematical Analytics and Operations Research,UC Davis,V1"
"E30,M,P:F,Needs_Apartment,C2,Woodland,Mathematical and Scientific Computation,UC Davis,V2"
"F8,F,P:M,Needs_Roommate,C3,West Sacramento,Mathematics,UC Davis,V3"
"F9,M,P:E,Needs_Both,C4,Vacaville,Mechanical Engineering,UC Davis,V4"
"F10,F,P:F,Needs_Apartment,C5,Florin,Medieval and Early Modern Studies,UC Davis,V5"
"F11,M,P:M,Needs_Roommate,C6,Rio Linda,Microbiology,UC Davis,V6"
"F12,F,P:E,Needs_Both,C7,Rosemont,Middle East/South Asia Studies,UC Davis,V7"
"F13,M,P:F,Needs_Apartment,C8,La Riviera,Music,UC Davis,V8"
"F14,F,P:M,Needs_Roommate,C9,Elk Grove,Native American Studies,UC Davis,V9"
"F15,M,P:E,Needs_Both,C10,North Highlands,Neurobiology, Physiology and Behavior,UC Davis,V10"
"F16,F,P:F,Needs_Apartment,C1,Foorhil Farms,Nutrition Science,UC Davis,V1"
"F17,M,P:M,Needs_Roommate,C2,Fairfield,Pharmaceutical Chemistry,UC Davis,V2"
"F18,F,P:E,Needs_Both,C3,San Francisco,Philosophy,UC Davis,V3"
"F19,M,P:F,Needs_Apartment,C4,Oakland,Physics,UC Davis,V4"
"F20,F,P:M,Needs_Roommate,C5,Stockton,Plant Biology,UC Davis,V5"
"F21,M,P:E,Needs_Both,C6,Winters,Plant Sciences,UC Davis,V6"
"F22,F,P:F,Needs_Apartment,C7,Davis,Political Science,UC Davis,V7"
"F23,M,P:M,Needs_Roommate,C8,Sacramento,Political Science - Public Service,UC Davis,V8"
"F24,F,P:E,Needs_Both,C9,Dixon,Psychology,UC Davis,V9"
"F25,M,P:F,Needs_Apartment,C10,Woodland,Religious Studies,UC Davis,V10"
"F26,F,P:M,Needs_Roommate,C1,West Sacramento,Russian,UC Davis,V1"
"F27,M,P:E,Needs_Both,C2,Vacaville,Science and Technology Studies,UC Davis,V2"
"F28,F,P:F,Needs_Apartment,C3,Florin,Sociology,UC Davis,V3"
"F29,M,P:M,Needs_Roommate,C4,Rio Linda,Sociology-Organizational Studies,UC Davis,V4"
"F30,F,P:E,Needs_Both,C5,Rosemont,Spanish,UC Davis,V5"
"G8,M,P:F,Needs_Apartment,C6,La Riviera,Statistics,UC Davis,V6"
"G9,F,P:M,Needs_Roommate,C7,Elk Grove,Sustainable Agriculture and Food Systems,UC Davis,V7"
"G10,M,P:E,Needs_Both,C8,North Highlands,Sustainable Environmental Design,UC Davis,V8"
"G11,F,P:F,Needs_Apartment,C9,Foorhil Farms,Theatre and Dance,UC Davis,V9"
"G12,M,P:M,Needs_Roommate,C10,Fairfield,Undeclared/Exploratory Program,UC Davis,V10"
"G13,F,P:E,Needs_Both,C1,San Francisco,Undeclared-Fine Arts,UC Davis,V1"
"G14,M,P:F,Needs_Apartment,C2,Oakland,Undeclared-Humanities,UC Davis,V2"
"G15,F,P:M,Needs_Roommate,C3,Stockton,Undeclared-Life Sciences,UC Davis,V3"
"G16,M,P:E,Needs_Both,C4,Winters,Undeclared-Physical Sciences,UC Davis,V4"
"G17,F,P:F,Needs_Apartment,C5,Davis,Undeclared-Social Sciences,UC Davis,V5"
"G18,M,P:M,Needs_Roommate,C6,Sacramento,Viticulture and Enology,UC Davis,V6"
"G19,F,P:E,Needs_Both,C7,Dixon,Wildlife, Fish and Conservation Biology,UC Davis,V7"
"G20,M,P:F,Needs_Apartment,C8,Woodland,Aeropace Science and Engineering,UC Davis,V8"
"G21,F,P:M,Needs_Roommate,C9,West Sacramento,African American and African Studies,UC Davis,V9"
"G22,M,P:E,Needs_Both,C10,Vacaville,Agricultural and Environmental Education,UC Davis,V10"
"G23,F,P:F,Needs_Apartment,C1,Florin,American Studies,UC Davis,V1"
"G24,M,P:M,Needs_Roommate,C2,Rio Linda,Animal Biology,UC Davis,V2"
"G25,F,P:E,Needs_Both,C3,Rosemont,Animal Science,UC Davis,V3"
"G26,M,P:F,Needs_Apartment,C4,La Riviera,Animal Science and Management,UC Davis,V4"
"G27,F,P:M,Needs_Roommate,C5,Elk Grove,Anthropology,UC Davis,V5"
"G28,M,P:E,Needs_Both,C6,North Highlands,Applied Chemistry,UC Davis,V6"
"G29,F,P:F,Needs_Apartment,C7,Foorhil Farms,Applied Mathematics,UC Davis,V7"
"G30,M,P:M,Needs_Roommate,C8,Fairfield,Applied Physics,UC Davis,V8"
"H8,F,P:E,Needs_Both,C9,San Francisco,Art History,UC Davis,V9"
"H9,M,P:F,Needs_Apartment,C10,Oakland,Art Studio,UC Davis,V10"
"H10,F,P:M,Needs_Roommate,C1,Stockton,Asian American Studies,UC Davis,V1"
"H11,M,P:E,Needs_Both,C2,Winters,Atmospheric Science,UC Davis,V2"
"H12,F,P:F,Needs_Apartment,C3,Davis,Biochemical Engineerings,UC Davis,V3"
"H13,M,P:M,Needs_Roommate,C4,Sacramento,Biochemistry and Molecular Biology,UC Davis,V4"
"H14,F,P:E,Needs_Both,C5,Dixon,Biological Sciences,UC Davis,V5"
"H15,M,P:F,Needs_Apartment,C6,Woodland,Biological Systems Engineering,UC Davis,V6"
"H16,F,P:M,Needs_Roommate,C7,West Sacramento,Biomedical Engineering,UC Davis,V7"
"H17,M,P:E,Needs_Both,C8,Vacaville,Biotechnology,UC Davis,V8"
"H18,F,P:F,Needs_Apartment,C9,Florin,Cell Biology,UC Davis,V9"
"H19,M,P:M,Needs_Roommate,C10,Rio Linda,Chemical Engineering,UC Davis,V10"
"H20,F,P:E,Needs_Both,C1,Rosemont,Chemical Physics,UC Davis,V1"
"H21,M,P:F,Needs_Apartment,C2,La Riviera,Chemistry,UC Davis,V2"
"H22,F,P:M,Needs_Roommate,C3,Elk Grove,Chicana/Chicano Studies,UC Davis,V3"
"H23,M,P:E,Needs_Both,C4,North Highlands,Chinese,UC Davis,V4"
"H24,F,P:F,Needs_Apartment,C5,Foorhil Farms,Cinema and Digital Media,UC Davis,V5"
"H25,M,P:M,Needs_Roommate,C6,Fairfield,Civil Engineering,UC Davis,V6"
"H26,F,P:E,Needs_Both,C7,San Francisco,Classical Civilization,UC Davis,V7"
"H27,M,P:F,Needs_Apartment,C8,Oakland,Clinical Nutrition,UC Davis,V8"
"H28,F,P:M,Needs_Roommate,C9,Stockton,Cognitive Science,UC Davis,V9"
"H29,M,P:E,Needs_Both,C10,Winters,Communication,UC Davis,V10"
"H30,F,P:F,Needs_Apartment,C1,Davis,Community and Regional Development,UC Davis,V1"
"I8,M,P:M,Needs_Roommate,C2,Sacramento,Comparative Literature,UC Davis,V2"
"I9,F,P:E,Needs_Both,C3,Dixon,Computer Engineering,UC Davis,V3"
"I10,M,P:F,Needs_Apartment,C4,Woodland,Computer Science,UC Davis,V4"
"I11,F,P:M,Needs_Roommate,C5,West Sacramento,Computer Science and Engineering,UC Davis,V5"
"I12,M,P:E,Needs_Both,C6,Vacaville,Design,UC Davis,V6"
"I13,F,P:F,Needs_Apartment,C7,Florin,East Asian Studies,UC Davis,V7"
"I14,M,P:M,Needs_Roommate,C8,Rio Linda,Ecological Management and Restoration,UC Davis,V8"
"I15,F,P:E,Needs_Both,C9,Rosemont,Economics,UC Davis,V9"
"I16,M,P:F,Needs_Apartment,C10,La Riviera,Electrical Engineering,UC Davis,V10"
"I17,F,P:M,Needs_Roommate,C1,Elk Grove,English,UC Davis,V1"
"I18,M,P:E,Needs_Both,C2,North Highlands,Entomology,UC Davis,V2"
"I19,F,P:F,Needs_Apartment,C3,Foorhil Farms,Environmental Engineering,UC Davis,V3"
"I20,M,P:M,Needs_Roommate,C4,Fairfield,Environmental Horticulture and Urban Forestry,UC Davis,V4"
"I21,F,P:E,Needs_Both,C5,San Francisco,Environmental Policy Analysis and Planning,UC Davis,V5"
"I22,M,P:F,Needs_Apartment,C6,Oakland,Environmental Science and Management,UC Davis,V6"
"I23,F,P:M,Needs_Roommate,C7,Stockton,Environmental Toxicology,UC Davis,V7"
"I24,M,P:E,Needs_Both,C8,Winters,Evolution, Ecology and Biodiversity,UC Davis,V8"
"I25,F,P:F,Needs_Apartment,C9,Davis,Food Science,UC Davis,V9"
"I26,M,P:M,Needs_Roommate,C10,Sacramento,French,UC Davis,V10"
"I27,F,P:E,Needs_Both,C1,Dixon,Gender, Sexuality and Women's Studies,UC Davis,V1"
"I28,M,P:F,Needs_Apartment,C2,Woodland,Genetics and Genomics,UC Davis,V2"
"I29,F,P:M,Needs_Roommate,C3,West Sacramento,Geology,UC Davis,V3"
"I30,M,P:E,Needs_Both,C4,Vacaville,German,UC Davis,V4"
"J8,F,P:F,Needs_Apartment,C5,Florin,Global Disease Biology,UC Davis,V5"
"J9,M,P:M,Needs_Roommate,C6,Rio Linda,History,UC Davis,V6"
"J10,F,P:E,Needs_Both,C7,Rosemont,Human Development,UC Davis,V7"
"J11,M,P:F,Needs_Apartment,C8,La Riviera,Hydrology,UC Davis,V8"
"J12,F,P:M,Needs_Roommate,C9,Elk Grove,International Agricultural Development,UC Davis,V9"
"J13,M,P:E,Needs_Both,C10,North Highlands,International Relations,UC Davis,V10"
"J14,F,P:F,Needs_Apartment,C1,Foorhil Farms,Italian,UC Davis,V1"
"J15,M,P:M,Needs_Roommate,C2,Fairfield,Japanese,UC Davis,V2"
"J16,F,P:E,Needs_Both,C3,San Francisco,Landscape Architecture,UC Davis,V3"
"J17,M,P:F,Needs_Apartment,C4,Oakland,Linguistics,UC Davis,V4"
"J18,F,P:M,Needs_Roommate,C5,Stockton,Managerial Economics,UC Davis,V5"
"J19,M,P:E,Needs_Both,C6,Winters,Marine and Coastal Science-Coastal Environmental Processes or Marine Environmental Chemistry,UC Davis,V6"
"J20,F,P:F,Needs_Apartment,C7,Davis,Marine and Coastal Science-Marine Ecology and Organismal Biology,UC Davis,V7"
"J21,M,P:M,Needs_Roommate,C8,Sacramento,Marine and Coastal Science-Oceans and the Earth System,UC Davis,V8"
"J22,F,P:E,Needs_Both,C9,Dixon,Materials Science and Engineering,UC Davis,V9"
"J23,M,P:F,Needs_Apartment,C10,Woodland,Mathematical Analytics and Operations Research,UC Davis,V10"
"J24,F,P:M,Needs_Roommate,C1,West Sacramento,Mathematical and Scientific Computation,UC Davis,V1"
"J25,M,P:E,Needs_Both,C2,Vacaville,Mathematics,UC Davis,V2"
"J26,F,P:F,Needs_Apartment,C3,Florin,Mechanical Engineering,UC Davis,V3"
"J27,M,P:M,Needs_Roommate,C4,Rio Linda,Medieval and Early Modern Studies,UC Davis,V4"
"J28,F,P:E,Needs_Both,C5,Rosemont,Microbiology,UC Davis,V5"
"J29,M,P:F,Needs_Apartment,C6,La Riviera,Middle East/South Asia Studies,UC Davis,V6"
"J30,F,P:M,Needs_Roommate,C7,Elk Grove,Music,UC Davis,V7"
"K8,M,P:E,Needs_Both,C8,North Highlands,Native American Studies,UC Davis,V8"
"K9,F,P:F,Needs_Apartment,C9,Foorhil Farms,Neurobiology, Physiology and Behavior,UC Davis,V9"
"K10,M,P:M,Needs_Roommate,C10,Fairfield,Nutrition Science,UC Davis,V10"
"K11,F,P:E,Needs_Both,C1,San Francisco,Pharmaceutical Chemistry,UC Davis,V1"
"K12,M,P:F,Needs_Apartment,C2,Oakland,Philosophy,UC Davis,V2"
"K13,F,P:M,Needs_Roommate,C3,Stockton,Physics,UC Davis,V3"
"K14,M,P:E,Needs_Both,C4,Winters,Plant Biology,UC Davis,V4"
"K15,F,P:F,Needs_Apartment,C5,Davis,Plant Sciences,UC Davis,V5"
"K16,M,P:M,Needs_Roommate,C6,Sacramento,Political Science,UC Davis,V6"
"K17,F,P:E,Needs_Both,C7,Dixon,Political Science - Public Service,UC Davis,V7"
"K18,M,P:F,Needs_Apartment,C8,Woodland,Psychology,UC Davis,V8"
"K19,F,P:M,Needs_Roommate,C9,West Sacramento,Religious Studies,UC Davis,V9"
"K20,M,P:E,Needs_Both,C10,Vacaville,Russian,UC Davis,V10"
"K21,F,P:F,Needs_Apartment,C1,Florin,Science and Technology Studies,UC Davis,V1"
"K22,M,P:M,Needs_Roommate,C2,Rio Linda,Sociology,UC Davis,V2"
"K23,F,P:E,Needs_Both,C3,Rosemont,Sociology-Organizational Studies,UC Davis,V3"
"K24,M,P:F,Needs_Apartment,C4,La Riviera,Spanish,UC Davis,V4"
"K25,F,P:M,Needs_Roommate,C5,Elk Grove,Statistics,UC Davis,V5"
"K26,M,P:E,Needs_Both,C6,North Highlands,Sustainable Agriculture and Food Systems,UC Davis,V6"
"K27,F,P:F,Needs_Apartment,C7,Foorhil Farms,Sustainable Environmental Design,UC Davis,V7"
"K28,M,P:M,Needs_Roommate,C8,Fairfield,Theatre and Dance,UC Davis,V8"
"K29,F,P:E,Needs_Both,C9,San Francisco,Undeclared/Exploratory Program,UC Davis,V9"
"K30,M,P:F,Needs_Apartment,C10,Oakland,Undeclared-Fine Arts,UC Davis,V10"
"L8,F,P:M,Needs_Roommate,C1,Stockton,Undeclared-Humanities,UC Davis,V1"
"L9,M,P:E,Needs_Both,C2,Winters,Undeclared-Life Sciences,UC Davis,V2"
"L10,F,P:F,Needs_Apartment,C3,Davis,Undeclared-Physical Sciences,UC Davis,V3"
"L11,M,P:M,Needs_Roommate,C4,Sacramento,Undeclared-Social Sciences,UC Davis,V4"
"L12,F,P:E,Needs_Both,C5,Dixon,Viticulture and Enology,UC Davis,V5"
"L13,M,P:F,Needs_Apartment,C6,Woodland,Wildlife, Fish and Conservation Biology,UC Davis,V6"
"L14,F,P:M,Needs_Roommate,C7,West Sacramento,Aeropace Science and Engineering,UC Davis,V7"
"L15,M,P:E,Needs_Both,C8,Vacaville,African American and African Studies,UC Davis,V8"
"L16,F,P:F,Needs_Apartment,C9,Florin,Agricultural and Environmental Education,UC Davis,V9"
"L17,M,P:M,Needs_Roommate,C10,Rio Linda,American Studies,UC Davis,V10"
"L18,F,P:E,Needs_Both,C1,Rosemont,Animal Biology,UC Davis,V1"
"L19,M,P:F,Needs_Apartment,C2,La Riviera,Animal Science,UC Davis,V2"
"L20,F,P:M,Needs_Roommate,C3,Elk Grove,Animal Science and Management,UC Davis,V3"
"L21,M,P:E,Needs_Both,C4,North Highlands,Anthropology,UC Davis,V4"
"L22,F,P:F,Needs_Apartment,C5,Foorhil Farms,Applied Chemistry,UC Davis,V5"
"L23,M,P:M,Needs_Roommate,C6,Fairfield,Applied Mathematics,UC Davis,V6"
"L24,F,P:E,Needs_Roommate,C7,San Francisco,Applied Physics,UC Davis,V7"
"L25,M,P:F,Needs_Apartment,C8,Oakland,Art History,UC Davis,V8"
"L26,F,P:F,Needs_Roommate,C2,Stockton,Art Studio,UC Davis,V2"
"L27,M,P:E,Needs_Both,C10,Winters,Asian American Studies,UC Davis,V10"
"L28,F,P:F,Needs_Apartment,C1,Davis,Atmospheric Science,UC Davis,V1"
"L29,M,P:M,Needs_Roommate,C2,Sacramento,Biochemical Engineerings,UC Davis,V2"
"L30,F,P:E,Needs_Roommate,C3,Dixon,Biochemistry and Molecular Biology,UC Davis,V3"
"M8,M,P:F,Needs_Apartment,C4,Woodland,Biological Sciences,UC Davis,V4"
"M9,F,P:M,Needs_Roommate,C5,West Sacramento,Biological Systems Engineering,UC Davis,V5"
"M10,M,P:E,Needs_Both,C6,Vacaville,Biomedical Engineering,UC Davis,V6"
"M11,F,P:F,Needs_Apartment,C7,Florin,Biotechnology,UC Davis,V7"
"M12,M,P:M,Needs_Roommate,C8,Rio Linda,Cell Biology,UC Davis,V8"
"M13,F,P:E,Needs_Both,C9,Rosemont,Chemical Engineering,UC Davis,V9"
"M14,M,P:F,Needs_Apartment,C10,La Riviera,Chemical Physics,UC Davis,V10"
"M15,F,P:M,Needs_Roommate,C1,Elk Grove,Chemistry,UC Davis,V1"
"M16,M,P:E,Needs_Both,C2,North Highlands,Chicana/Chicano Studies,UC Davis,V2"
"M17,F,P:F,Needs_Apartment,C3,Foorhil Farms,Chinese,UC Davis,V3"
"M18,M,P:M,Needs_Roommate,C4,Fairfield,Cinema and Digital Media,UC Davis,V4"
"M19,F,P:E,Needs_Both,C5,San Francisco,Civil Engineering,UC Davis,V5"
"M20,M,P:F,Needs_Apartment,C6,Oakland,Classical Civilization,UC Davis,V6"
"M21,F,P:M,Needs_Roommate,C7,Stockton,Clinical Nutrition,UC Davis,V7"
"M22,M,P:E,Needs_Both,C8,Winters,Cognitive Science,UC Davis,V8"
"M23,F,P:F,Needs_Apartment,C9,Davis,Communication,UC Davis,V9"
"M24,M,P:M,Needs_Roommate,C10,Sacramento,Community and Regional Development,UC Davis,V10"
"M25,F,P:E,Needs_Both,C1,Dixon,Comparative Literature,UC Davis,V1"
"M26,M,P:F,Needs_Apartment,C2,Woodland,Computer Engineering,UC Davis,V2"
"M27,F,P:M,Needs_Roommate,C3,West Sacramento,Computer Science,UC Davis,V3"
"M28,M,P:E,Needs_Both,C4,Vacaville,Computer Science and Engineering,UC Davis,V4"
"M29,F,P:F,Needs_Apartment,C5,Florin,Design,UC Davis,V5"
"M30,M,P:M,Needs_Roommate,C6,Rio Linda,East Asian Studies,UC Davis,V6"
"N8,F,P:E,Needs_Both,C7,Rosemont,Ecological Management and Restoration,UC Davis,V7"
"N9,M,P:F,Needs_Apartment,C8,La Riviera,Economics,UC Davis,V8"
"N10,F,P:M,Needs_Roommate,C9,Elk Grove,Electrical Engineering,UC Davis,V9"
"N11,M,P:E,Needs_Both,C10,North Highlands,English,UC Davis,V10"
"N12,F,P:F,Needs_Apartment,C1,Foorhil Farms,Entomology,UC Davis,V1"
"N13,M,P:M,Needs_Roommate,C2,Fairfield,Environmental Engineering,UC Davis,V2"
"N14,F,P:E,Needs_Both,C3,San Francisco,Environmental Horticulture and Urban Forestry,UC Davis,V3"
"N15,M,P:F,Needs_Apartment,C4,Oakland,Environmental Policy Analysis and Planning,UC Davis,V4"
"N16,F,P:M,Needs_Roommate,C5,Stockton,Environmental Science and Management,UC Davis,V5"
"N17,M,P:E,Needs_Both,C6,Winters,Environmental Toxicology,UC Davis,V6"
"N18,F,P:F,Needs_Apartment,C7,Davis,Evolution, Ecology and Biodiversity,UC Davis,V7"
"N19,M,P:M,Needs_Roommate,C8,Sacramento,Food Science,UC Davis,V8"
"N20,F,P:E,Needs_Both,C9,Dixon,French,UC Davis,V9"
"N21,M,P:F,Needs_Apartment,C10,Woodland,Gender, Sexuality and Women's Studies,UC Davis,V10"
"N22,F,P:M,Needs_Roommate,C1,West Sacramento,Genetics and Genomics,UC Davis,V1"
"N23,M,P:E,Needs_Both,C2,Vacaville,Geology,UC Davis,V2"
"N24,F,P:F,Needs_Apartment,C3,Florin,German,UC Davis,V3"
"N25,M,P:M,Needs_Roommate,C4,Rio Linda,Global Disease Biology,UC Davis,V4"
"N26,F,P:E,Needs_Both,C5,Rosemont,History,UC Davis,V5"
"N27,M,P:F,Needs_Apartment,C6,La Riviera,Human Development,UC Davis,V6"
"N28,F,P:M,Needs_Roommate,C7,Elk Grove,Hydrology,UC Davis,V7"
"N29,M,P:E,Needs_Both,C8,North Highlands,International Agricultural Development,UC Davis,V8"
"N30,F,P:F,Needs_Apartment,C9,Foorhil Farms,International Relations,UC Davis,V9"
"O8,M,P:M,Needs_Roommate,C10,Fairfield,Italian,UC Davis,V10"
"O9,F,P:E,Needs_Both,C1,San Francisco,Japanese,UC Davis,V1"
"O10,M,P:F,Needs_Apartment,C2,Oakland,Landscape Architecture,UC Davis,V2"
"O11,F,P:M,Needs_Roommate,C3,Stockton,Linguistics,UC Davis,V3"
"O12,M,P:E,Needs_Both,C4,Winters,Managerial Economics,UC Davis,V4"
"O13,F,P:F,Needs_Apartment,C5,Davis,Marine and Coastal Science-Coastal Environmental Processes or Marine Environmental Chemistry,UC Davis,V5"
"O14,M,P:M,Needs_Roommate,C6,Sacramento,Marine and Coastal Science-Marine Ecology and Organismal Biology,UC Davis,V6"
"O15,F,P:E,Needs_Both,C7,Dixon,Marine and Coastal Science-Oceans and the Earth System,UC Davis,V7"
"O16,M,P:F,Needs_Apartment,C8,Woodland,Materials Science and Engineering,UC Davis,V8"
"O17,F,P:M,Needs_Roommate,C9,West Sacramento,Mathematical Analytics and Operations Research,UC Davis,V9"
"O18,M,P:E,Needs_Both,C10,Vacaville,Mathematical and Scientific Computation,UC Davis,V10"
"O19,F,P:F,Needs_Apartment,C1,Florin,Mathematics,UC Davis,V1"
"O20,M,P:M,Needs_Roommate,C2,Rio Linda,Mechanical Engineering,UC Davis,V2"
"O21,F,P:E,Needs_Both,C3,Rosemont,Medieval and Early Modern Studies,UC Davis,V3"
"O22,M,P:F,Needs_Apartment,C4,La Riviera,Microbiology,UC Davis,V4"
"O23,F,P:M,Needs_Roommate,C5,Elk Grove,Middle East/South Asia Studies,UC Davis,V5"
"O24,M,P:E,Needs_Both,C6,North Highlands,Music,UC Davis,V6"
"O25,F,P:F,Needs_Apartment,C7,Foorhil Farms,Native American Studies,UC Davis,V7"
"O26,M,P:M,Needs_Roommate,C8,Fairfield,Neurobiology, Physiology and Behavior,UC Davis,V8"
"O27,F,P:E,Needs_Both,C9,San Francisco,Nutrition Science,UC Davis,V9"
"O28,M,P:F,Needs_Apartment,C10,Oakland,Pharmaceutical Chemistry,UC Davis,V10"
"O29,F,P:M,Needs_Roommate,C1,Stockton,Philosophy,UC Davis,V1"
"O30,M,P:E,Needs_Both,C2,Winters,Physics,UC Davis,V2"
"P8,F,P:F,Needs_Apartment,C3,Davis,Plant Biology,UC Davis,V3"
"P9,M,P:M,Needs_Roommate,C4,Sacramento,Plant Sciences,UC Davis,V4"
"P10,F,P:E,Needs_Both,C5,Dixon,Political Science,UC Davis,V5"
"P11,M,P:F,Needs_Apartment,C6,Woodland,Political Science - Public Service,UC Davis,V6"
"P12,F,P:M,Needs_Roommate,C7,West Sacramento,Psychology,UC Davis,V7"
"P13,M,P:E,Needs_Both,C8,Vacaville,Religious Studies,UC Davis,V8"
"P14,F,P:F,Needs_Apartment,C9,Florin,Russian,UC Davis,V9"
"P15,M,P:M,Needs_Roommate,C10,Rio Linda,Science and Technology Studies,UC Davis,V10"
"P16,F,P:E,Needs_Both,C1,Rosemont,Sociology,UC Davis,V1"
"P17,M,P:F,Needs_Apartment,C2,La Riviera,Sociology-Organizational Studies,UC Davis,V2"
"P18,F,P:M,Needs_Roommate,C3,Elk Grove,Spanish,UC Davis,V3"
"P19,M,P:E,Needs_Both,C4,North Highlands,Statistics,UC Davis,V4"
"P20,F,P:F,Needs_Apartment,C5,Foorhil Farms,Sustainable Agriculture and Food Systems,UC Davis,V5"
"P21,M,P:M,Needs_Roommate,C6,Fairfield,Sustainable Environmental Design,UC Davis,V6"
"P22,F,P:E,Needs_Both,C7,San Francisco,Theatre and Dance,UC Davis,V7"
"P23,M,P:F,Needs_Apartment,C8,Oakland,Undeclared/Exploratory Program,UC Davis,V8"
"P24,F,P:M,Needs_Roommate,C9,Stockton,Undeclared-Fine Arts,UC Davis,V9"
"P25,M,P:E,Needs_Both,C10,Winters,Undeclared-Humanities,UC Davis,V10"
"P26,F,P:F,Needs_Apartment,C1,Davis,Undeclared-Life Sciences,UC Davis,V1"
"P27,M,P:M,Needs_Roommate,C2,Sacramento,Undeclared-Physical Sciences,UC Davis,V2"
"P28,F,P:E,Needs_Both,C3,Dixon,Undeclared-Social Sciences,UC Davis,V3"
"P29,M,P:F,Needs_Apartment,C4,Woodland,Viticulture and Enology,UC Davis,V4"
"P30,F,P:M,Needs_Roommate,C5,West Sacramento,Wildlife, Fish and Conservation Biology,UC Davis,V5"
"Q8,M,P:E,Needs_Both,C6,Vacaville,Aeropace Science and Engineering,UC Davis,V6"
"Q9,F,P:F,Needs_Apartment,C7,Florin,African American and African Studies,UC Davis,V7"
"Q10,M,P:M,Needs_Roommate,C8,Rio Linda,Agricultural and Environmental Education,UC Davis,V8"
"Q11,F,P:E,Needs_Both,C9,Rosemont,American Studies,UC Davis,V9"
"Q12,M,P:F,Needs_Apartment,C10,La Riviera,Animal Biology,UC Davis,V10"
"Q13,F,P:M,Needs_Roommate,C1,Elk Grove,Animal Science,UC Davis,V1"
"Q14,M,P:E,Needs_Both,C2,North Highlands,Animal Science and Management,UC Davis,V2"
"Q15,F,P:F,Needs_Apartment,C3,Foorhil Farms,Anthropology,UC Davis,V3"
"Q16,M,P:M,Needs_Roommate,C4,Fairfield,Applied Chemistry,UC Davis,V4"
"Q17,F,P:E,Needs_Both,C5,San Francisco,Applied Mathematics,UC Davis,V5"
"Q18,M,P:F,Needs_Apartment,C6,Oakland,Applied Physics,UC Davis,V6"
"Q19,F,P:M,Needs_Roommate,C7,Stockton,Art History,UC Davis,V7"
"Q20,M,P:E,Needs_Both,C8,Winters,Art Studio,UC Davis,V8"
"Q21,F,P:F,Needs_Apartment,C9,Davis,Asian American Studies,UC Davis,V9"
"Q22,M,P:M,Needs_Roommate,C10,Sacramento,Atmospheric Science,UC Davis,V10"
"Q23,F,P:E,Needs_Both,C1,Dixon,Biochemical Engineerings,UC Davis,V1"
"Q24,M,P:F,Needs_Apartment,C2,Woodland,Biochemistry and Molecular Biology,UC Davis,V2"
"Q25,F,P:M,Needs_Roommate,C3,West Sacramento,Biological Sciences,UC Davis,V3"
"Q26,M,P:E,Needs_Both,C4,Vacaville,Biological Systems Engineering,UC Davis,V4"
"Q27,F,P:F,Needs_Apartment,C5,Florin,Biomedical Engineering,UC Davis,V5"
"Q28,M,P:M,Needs_Roommate,C6,Rio Linda,Biotechnology,UC Davis,V6"
"Q29,F,P:E,Needs_Both,C7,Rosemont,Cell Biology,UC Davis,V7"
"Q30,M,P:F,Needs_Apartment,C8,La Riviera,Chemical Engineering,UC Davis,V8"
"R8,F,P:M,Needs_Roommate,C9,Elk Grove,Chemical Physics,UC Davis,V9"
"R9,M,P:E,Needs_Both,C10,North Highlands,Chemistry,UC Davis,V10"
"R10,F,P:F,Needs_Apartment,C1,Foorhil Farms,Chicana/Chicano Studies,UC Davis,V1"
"R11,M,P:M,Needs_Roommate,C2,Fairfield,Chinese,UC Davis,V2"
"R12,F,P:E,Needs_Both,C3,San Francisco,Cinema and Digital Media,UC Davis,V3"
"R13,M,P:F,Needs_Apartment,C4,Oakland,Civil Engineering,UC Davis,V4"
"R14,F,P:M,Needs_Roommate,C5,Stockton,Classical Civilization,UC Davis,V5"
"R15,M,P:E,Needs_Both,C6,Winters,Clinical Nutrition,UC Davis,V6"
"R16,F,P:F,Needs_Apartment,C7,Davis,Cognitive Science,UC Davis,V7"
"R17,M,P:M,Needs_Roommate,C8,Sacramento,Communication,UC Davis,V8"
"R18,F,P:E,Needs_Both,C9,Dixon,Community and Regional Development,UC Davis,V9"
"R19,M,P:F,Needs_Apartment,C10,Woodland,Comparative Literature,UC Davis,V10"
"R20,F,P:M,Needs_Roommate,C1,West Sacramento,Computer Engineering,UC Davis,V1"
"R21,M,P:E,Needs_Both,C2,Vacaville,Computer Science,UC Davis,V2"
"R22,F,P:F,Needs_Apartment,C3,Florin,Computer Science and Engineering,UC Davis,V3"
"R23,M,P:M,Needs_Roommate,C4,Rio Linda,Design,UC Davis,V4"
"R24,F,P:E,Needs_Both,C5,Rosemont,East Asian Studies,UC Davis,V5"
"R25,M,P:F,Needs_Apartment,C6,La Riviera,Ecological Management and Restoration,UC Davis,V6"
"R26,F,P:M,Needs_Roommate,C7,Elk Grove,Economics,UC Davis,V7"
"R27,M,P:E,Needs_Both,C8,North Highlands,Electrical Engineering,UC Davis,V8"
"R28,F,P:F,Needs_Apartment,C9,Foorhil Farms,English,UC Davis,V9"
"R29,M,P:M,Needs_Roommate,C10,Fairfield,Entomology,UC Davis,V10"
"R30,F,P:E,Needs_Both,C1,San Francisco,Environmental Engineering,UC Davis,V1"
"S8,M,P:F,Needs_Apartment,C2,Oakland,Environmental Horticulture and Urban Forestry,UC Davis,V2"
"S9,F,P:M,Needs_Roommate,C3,Stockton,Environmental Policy Analysis and Planning,UC Davis,V3"
"S10,M,P:E,Needs_Both,C4,Winters,Environmental Science and Management,UC Davis,V4"
"S11,F,P:F,Needs_Apartment,C5,Davis,Environmental Toxicology,UC Davis,V5"
"S12,M,P:M,Needs_Roommate,C6,Sacramento,Evolution, Ecology and Biodiversity,UC Davis,V6"
"S13,F,P:E,Needs_Both,C7,Dixon,Food Science,UC Davis,V7"
"S14,M,P:F,Needs_Apartment,C8,Woodland,French,UC Davis,V8"
"S15,F,P:M,Needs_Roommate,C9,West Sacramento,Gender, Sexuality and Women's Studies,UC Davis,V9"
"S16,M,P:E,Needs_Both,C10,Vacaville,Genetics and Genomics,UC Davis,V10"
"S17,F,P:F,Needs_Apartment,C1,Florin,Geology,UC Davis,V1"
"S18,M,P:M,Needs_Roommate,C2,Rio Linda,German,UC Davis,V2"
"S19,F,P:E,Needs_Both,C3,Rosemont,Global Disease Biology,UC Davis,V3"
"S20,M,P:F,Needs_Apartment,C4,La Riviera,History,UC Davis,V4"
"S21,F,P:M,Needs_Roommate,C5,Elk Grove,Human Development,UC Davis,V5"
"S22,M,P:E,Needs_Both,C6,North Highlands,Hydrology,UC Davis,V6"
"S23,F,P:F,Needs_Apartment,C7,Foorhil Farms,International Agricultural Development,UC Davis,V7"
"S24,M,P:M,Needs_Roommate,C8,Fairfield,International Relations,UC Davis,V8"
"S25,F,P:E,Needs_Both,C9,San Francisco,Italian,UC Davis,V9"
"S26,M,P:F,Needs_Apartment,C10,Oakland,Japanese,UC Davis,V10"
"S27,F,P:M,Needs_Roommate,C1,Stockton,Landscape Architecture,UC Davis,V1"
"S28,M,P:E,Needs_Both,C2,Winters,Linguistics,UC Davis,V2"
"S29,F,P:F,Needs_Apartment,C3,Davis,Managerial Economics,UC Davis,V3"
"S30,M,P:M,Needs_Roommate,C4,Sacramento,Marine and Coastal Science-Coastal Environmental Processes or Marine Environmental Chemistry,UC Davis,V4"
"T8,F,P:E,Needs_Both,C5,Dixon,Marine and Coastal Science-Marine Ecology and Organismal Biology,UC Davis,V5"
"T9,M,P:F,Needs_Apartment,C6,Woodland,Marine and Coastal Science-Oceans and the Earth System,UC Davis,V6"
"T10,F,P:M,Needs_Roommate,C7,West Sacramento,Materials Science and Engineering,UC Davis,V7"
"T11,M,P:E,Needs_Both,C8,Vacaville,Mathematical Analytics and Operations Research,UC Davis,V8"
"T12,F,P:F,Needs_Apartment,C9,Florin,Mathematical and Scientific Computation,UC Davis,V9"
"T13,M,P:M,Needs_Roommate,C10,Rio Linda,Mathematics,UC Davis,V10"
"T14,F,P:E,Needs_Both,C1,Rosemont,Mechanical Engineering,UC Davis,V1"
"T15,M,P:F,Needs_Apartment,C2,La Riviera,Medieval and Early Modern Studies,UC Davis,V2"
"T16,F,P:M,Needs_Roommate,C3,Elk Grove,Microbiology,UC Davis,V3"
"T17,M,P:E,Needs_Both,C4,North Highlands,Middle East/South Asia Studies,UC Davis,V4"
"T18,F,P:F,Needs_Apartment,C5,Foorhil Farms,Music,UC Davis,V5"
"T19,M,P:M,Needs_Roommate,C6,Fairfield,Native American Studies,UC Davis,V6"
"T20,F,P:E,Needs_Both,C7,San Francisco,Neurobiology, Physiology and Behavior,UC Davis,V7"
"T21,M,P:F,Needs_Apartment,C8,Oakland,Nutrition Science,UC Davis,V8"
"T22,F,P:M,Needs_Roommate,C9,Stockton,Pharmaceutical Chemistry,UC Davis,V9"
"T23,M,P:E,Needs_Both,C10,Winters,Philosophy,UC Davis,V10"
"T24,F,P:F,Needs_Apartment,C1,Davis,Physics,UC Davis,V1"
"T25,M,P:M,Needs_Roommate,C2,Sacramento,Plant Biology,UC Davis,V2"
"T26,F,P:E,Needs_Both,C3,Dixon,Plant Sciences,UC Davis,V3"
"T27,M,P:F,Needs_Apartment,C4,Woodland,Political Science,UC Davis,V4"
"T28,F,P:M,Needs_Roommate,C5,West Sacramento,Political Science - Public Service,UC Davis,V5"
"T29,M,P:E,Needs_Both,C6,Vacaville,Psychology,UC Davis,V6"
"T30,F,P:F,Needs_Apartment,C7,Florin,Religious Studies,UC Davis,V7"
"U8,M,P:M,Needs_Roommate,C8,Rio Linda,Russian,UC Davis,V8"
"U9,F,P:E,Needs_Both,C9,Rosemont,Science and Technology Studies,UC Davis,V9"
"U10,M,P:F,Needs_Apartment,C10,La Riviera,Sociology,UC Davis,V10"
"U11,F,P:M,Needs_Roommate,C1,Elk Grove,Sociology-Organizational Studies,UC Davis,V1"
"U12,M,P:E,Needs_Both,C2,North Highlands,Spanish,UC Davis,V2"
"U13,F,P:F,Needs_Apartment,C3,Foorhil Farms,Statistics,UC Davis,V3"
"U14,M,P:M,Needs_Roommate,C4,Fairfield,Sustainable Agriculture and Food Systems,UC Davis,V4"
"U15,F,P:E,Needs_Both,C5,San Francisco,Sustainable Environmental Design,UC Davis,V5"
"U16,M,P:F,Needs_Apartment,C6,Oakland,Theatre and Dance,UC Davis,V6"
"U17,F,P:M,Needs_Roommate,C7,Stockton,Undeclared/Exploratory Program,UC Davis,V7"
"U18,M,P:E,Needs_Both,C8,Winters,Undeclared-Fine Arts,UC Davis,V8"
"U19,F,P:F,Needs_Apartment,C9,Davis,Undeclared-Humanities,UC Davis,V9"
"U20,M,P:M,Needs_Roommate,C10,Sacramento,Undeclared-Life Sciences,UC Davis,V10"
"U21,F,P:E,Needs_Both,C1,Dixon,Undeclared-Physical Sciences,UC Davis,V1"
"U22,M,P:F,Needs_Apartment,C2,Woodland,Undeclared-Social Sciences,UC Davis,V2"
"U23,F,P:M,Needs_Roommate,C3,West Sacramento,Viticulture and Enology,UC Davis,V3"
"U24,M,P:E,Needs_Both,C4,Vacaville,Wildlife, Fish and Conservation Biology,UC Davis,V4"
"U25,F,P:F,Needs_Apartment,C5,Florin,Aeropace Science and Engineering,UC Davis,V5"
"U26,M,P:M,Needs_Roommate,C6,Rio Linda,African American and African Studies,UC Davis,V6"
"U27,F,P:E,Needs_Both,C7,Rosemont,Agricultural and Environmental Education,UC Davis,V7"
"U28,M,P:F,Needs_Apartment,C8,La Riviera,American Studies,UC Davis,V8"
"U29,F,P:M,Needs_Roommate,C9,Elk Grove,Animal Biology,UC Davis,V9"
"U30,M,P:E,Needs_Both,C10,North Highlands,Animal Science,UC Davis,V10"
"V8,F,P:F,Needs_Apartment,C1,Foorhil Farms,Animal Science and Management,UC Davis,V1"
"V9,M,P:M,Needs_Roommate,C2,Fairfield,Anthropology,UC Davis,V2"
"V10,F,P:E,Needs_Both,C3,San Francisco,Applied Chemistry,UC Davis,V3"
"V11,M,P:F,Needs_Apartment,C4,Oakland,Applied Mathematics,UC Davis,V4"
"V12,F,P:M,Needs_Roommate,C5,Stockton,Applied Physics,UC Davis,V5"
"V13,M,P:E,Needs_Both,C6,Winters,Art History,UC Davis,V6"
"V14,F,P:F,Needs_Apartment,C7,Davis,Art Studio,UC Davis,V7"
"V15,M,P:M,Needs_Roommate,C8,Sacramento,Asian American Studies,UC Davis,V8"
"V16,F,P:E,Needs_Both,C9,Dixon,Atmospheric Science,UC Davis,V9"
"V17,M,P:F,Needs_Apartment,C10,Woodland,Biochemical Engineerings,UC Davis,V10"
"V18,F,P:M,Needs_Roommate,C1,West Sacramento,Biochemistry and Molecular Biology,UC Davis,V1"
"V19,M,P:E,Needs_Both,C2,Vacaville,Biological Sciences,UC Davis,V2"
"V20,F,P:F,Needs_Apartment,C3,Florin,Biological Systems Engineering,UC Davis,V3"
"V21,M,P:M,Needs_Roommate,C4,Rio Linda,Biomedical Engineering,UC Davis,V4"
"V22,F,P:E,Needs_Both,C5,Rosemont,Biotechnology,UC Davis,V5"
"V23,M,P:F,Needs_Apartment,C6,La Riviera,Cell Biology,UC Davis,V6"
"V24,F,P:M,Needs_Roommate,C7,Elk Grove,Chemical Engineering,UC Davis,V7"
"V25,M,P:E,Needs_Both,C8,North Highlands,Chemical Physics,UC Davis,V8"
"V26,F,P:F,Needs_Apartment,C9,Foorhil Farms,Chemistry,UC Davis,V9"
"V27,M,P:M,Needs_Roommate,C10,Fairfield,Chicana/Chicano Studies,UC Davis,V10"
"V28,F,P:E,Needs_Both,C1,San Francisco,Chinese,UC Davis,V1"
"V29,M,P:F,Needs_Apartment,C2,Oakland,Cinema and Digital Media,UC Davis,V2"
"V30,F,P:M,Needs_Roommate,C3,Stockton,Civil Engineering,UC Davis,V3"
"W8,M,P:E,Needs_Both,C4,Winters,Classical Civilization,UC Davis,V4"
"W9,F,P:F,Needs_Apartment,C5,Davis,Clinical Nutrition,UC Davis,V5"
"W10,M,P:M,Needs_Roommate,C6,Sacramento,Cognitive Science,UC Davis,V6"
"W11,F,P:E,Needs_Both,C7,Dixon,Communication,UC Davis,V7"
"W12,M,P:F,Needs_Apartment,C8,Woodland,Community and Regional Development,UC Davis,V8"
"W13,F,P:M,Needs_Roommate,C9,West Sacramento,Comparative Literature,UC Davis,V9"
"W14,M,P:E,Needs_Both,C10,Vacaville,Computer Engineering,UC Davis,V10"
"W15,F,P:F,Needs_Apartment,C1,Florin,Computer Science,UC Davis,V1"
"W16,M,P:M,Needs_Roommate,C2,Rio Linda,Computer Science and Engineering,UC Davis,V2"
"W17,F,P:E,Needs_Both,C3,Rosemont,Design,UC Davis,V3"
"W18,M,P:F,Needs_Apartment,C4,La Riviera,East Asian Studies,UC Davis,V4"
"W19,F,P:M,Needs_Roommate,C5,Elk Grove,Ecological Management and Restoration,UC Davis,V5"
"W20,M,P:E,Needs_Both,C6,North Highlands,Economics,UC Davis,V6"
"W21,F,P:F,Needs_Apartment,C7,Foorhil Farms,Electrical Engineering,UC Davis,V7"
"W22,M,P:M,Needs_Roommate,C8,Fairfield,English,UC Davis,V8"
"W23,F,P:E,Needs_Both,C9,San Francisco,Entomology,UC Davis,V9"
"W24,M,P:F,Needs_Apartment,C10,Oakland,Environmental Engineering,UC Davis,V10"
"W25,F,P:M,Needs_Roommate,C1,Stockton,Environmental Horticulture and Urban Forestry,UC Davis,V1"
"W26,M,P:E,Needs_Both,C2,Winters,Environmental Policy Analysis and Planning,UC Davis,V2"
"W27,F,P:F,Needs_Apartment,C3,Davis,Environmental Science and Management,UC Davis,V3"
"W28,M,P:M,Needs_Roommate,C4,Sacramento,Environmental Toxicology,UC Davis,V4"
"W29,F,P:E,Needs_Both,C5,Dixon,Evolution, Ecology and Biodiversity,UC Davis,V5"
"W30,M,P:F,Needs_Apartment,C6,Woodland,Food Science,UC Davis,V6"
"X8,F,P:M,Needs_Roommate,C7,West Sacramento,French,UC Davis,V7"
"X9,M,P:E,Needs_Both,C8,Vacaville,Gender, Sexuality and Women's Studies,UC Davis,V8"
"X10,F,P:F,Needs_Apartment,C9,Florin,Genetics and Genomics,UC Davis,V9"
"X11,M,P:M,Needs_Roommate,C10,Rio Linda,Geology,UC Davis,V10"
"X12,F,P:E,Needs_Both,C1,Rosemont,German,UC Davis,V1"
"X13,M,P:F,Needs_Apartment,C2,La Riviera,Global Disease Biology,UC Davis,V2"
"X14,F,P:M,Needs_Roommate,C3,Elk Grove,History,UC Davis,V3"
"X15,M,P:E,Needs_Both,C4,North Highlands,Human Development,UC Davis,V4"
"X16,F,P:F,Needs_Apartment,C5,Foorhil Farms,Hydrology,UC Davis,V5"
"X17,M,P:M,Needs_Roommate,C6,Fairfield,International Agricultural Development,UC Davis,V6"
"X18,F,P:E,Needs_Both,C7,San Francisco,International Relations,UC Davis,V7"
"X19,M,P:F,Needs_Apartment,C8,Oakland,Italian,UC Davis,V8"
"X20,F,P:M,Needs_Roommate,C9,Stockton,Japanese,UC Davis,V9"
"X21,M,P:E,Needs_Both,C10,Winters,Landscape Architecture,UC Davis,V10"
"X22,F,P:F,Needs_Apartment,C1,Davis,Linguistics,UC Davis,V1"
"X23,M,P:M,Needs_Roommate,C2,Sacramento,Managerial Economics,UC Davis,V2"
"X24,F,P:E,Needs_Both,C3,Dixon,Marine and Coastal Science-Coastal Environmental Processes or Marine Environmental Chemistry,UC Davis,V3"
"X25,M,P:F,Needs_Apartment,C4,Woodland,Marine and Coastal Science-Marine Ecology and Organismal Biology,UC Davis,V4"
"X26,F,P:M,Needs_Roommate,C5,West Sacramento,Marine and Coastal Science-Oceans and the Earth System,UC Davis,V5"
"X27,M,P:E,Needs_Both,C6,Vacaville,Materials Science and Engineering,UC Davis,V6"
"X28,F,P:F,Needs_Apartment,C7,Florin,Mathematical Analytics and Operations Research,UC Davis,V7"
"X29,M,P:M,Needs_Roommate,C8,Rio Linda,Mathematical and Scientific Computation,UC Davis,V8"
"X30,F,P:E,Needs_Both,C9,Rosemont,Mathematics,UC Davis,V9"
"Y8,M,P:F,Needs_Apartment,C10,La Riviera,Mechanical Engineering,UC Davis,V10"
"Y9,F,P:M,Needs_Roommate,C1,Elk Grove,Medieval and Early Modern Studies,UC Davis,V1"
"Y10,M,P:E,Needs_Both,C2,North Highlands,Microbiology,UC Davis,V2"
"Y11,F,P:F,Needs_Apartment,C3,Foorhil Farms,Middle East/South Asia Studies,UC Davis,V3"
"Y12,M,P:M,Needs_Roommate,C4,Fairfield,Music,UC Davis,V4"
"Y13,F,P:E,Needs_Both,C5,San Francisco,Native American Studies,UC Davis,V5"
"Y14,M,P:F,Needs_Apartment,C6,Oakland,Neurobiology, Physiology and Behavior,UC Davis,V6"
"Y15,F,P:M,Needs_Roommate,C7,Stockton,Nutrition Science,UC Davis,V7"
"Y16,M,P:E,Needs_Both,C8,Winters,Pharmaceutical Chemistry,UC Davis,V8"
"Y17,F,P:F,Needs_Apartment,C9,Davis,Philosophy,UC Davis,V9"
"Y18,M,P:M,Needs_Roommate,C10,Sacramento,Physics,UC Davis,V10"
"Y19,F,P:E,Needs_Both,C1,Dixon,Plant Biology,UC Davis,V1"
"Y20,M,P:F,Needs_Apartment,C2,Woodland,Plant Sciences,UC Davis,V2"
"Y21,F,P:M,Needs_Roommate,C3,West Sacramento,Political Science,UC Davis,V3"
"Y22,M,P:E,Needs_Both,C4,Vacaville,Political Science - Public Service,UC Davis,V4"
"Y23,F,P:F,Needs_Apartment,C5,Florin,Psychology,UC Davis,V5"
"Y24,M,P:M,Needs_Roommate,C6,Rio Linda,Religious Studies,UC Davis,V6"
"Y25,F,P:E,Needs_Both,C7,Rosemont,Russian,UC Davis,V7"
"Y26,M,P:F,Needs_Apartment,C8,La Riviera,Science and Technology Studies,UC Davis,V8"
"Y27,F,P:M,Needs_Roommate,C9,Elk Grove,Sociology,UC Davis,V9"
"Y28,M,P:E,Needs_Both,C10,North Highlands,Sociology-Organizational Studies,UC Davis,V10"
"Y29,F,P:F,Needs_Apartment,C1,Foorhil Farms,Spanish,UC Davis,V1"
"Y30,M,P:M,Needs_Roommate,C2,Fairfield,Statistics,UC Davis,V2"
"Z8,F,P:E,Needs_Both,C3,San Francisco,Sustainable Agriculture and Food Systems,UC Davis,V3"
"Z9,M,P:F,Needs_Apartment,C4,Oakland,Sustainable Environmental Design,UC Davis,V4"
"Z10,F,P:M,Needs_Roommate,C5,Stockton,Theatre and Dance,UC Davis,V5"
"Z11,M,P:E,Needs_Both,C6,Winters,Undeclared/Exploratory Program,UC Davis,V6"
"Z12,F,P:F,Needs_Apartment,C7,Davis,Undeclared-Fine Arts,UC Davis,V7"
"Z13,M,P:M,Needs_Roommate,C8,Sacramento,Undeclared-Humanities,UC Davis,V8"
"Z14,F,P:E,Needs_Both,C9,Dixon,Undeclared-Life Sciences,UC Davis,V9"
"Z15,M,P:F,Needs_Apartment,C10,Woodland,Undeclared-Physical Sciences,UC Davis,V10"
"Z16,F,P:M,Needs_Roommate,C1,West Sacramento,Undeclared-Social Sciences,UC Davis,V1"
"Z17,M,P:E,Needs_Both,C2,Vacaville,Viticulture and Enology,UC Davis,V2"
"Z18,F,P:F,Needs_Apartment,C3,Florin,Wildlife, Fish and Conservation Biology,UC Davis,V3"
"Z19,M,P:M,Needs_Roommate,C4,Rio Linda,Aeropace Science and Engineering,UC Davis,V4"
"Z20,F,P:E,Needs_Both,C5,Rosemont,African American and African Studies,UC Davis,V5"
"Z21,M,P:F,Needs_Apartment,C6,La Riviera,Agricultural and Environmental Education,UC Davis,V6"
"Z22,F,P:M,Needs_Roommate,C7,Elk Grove,American Studies,UC Davis,V7"
"Z23,M,P:E,Needs_Both,C8,North Highlands,Animal Biology,UC Davis,V8"
"Z24,F,P:F,Needs_Apartment,C9,Foorhil Farms,Animal Science,UC Davis,V9"
"Z25,M,P:M,Needs_Roommate,C10,Fairfield,Animal Science and Management,UC Davis,V10"
"Z26,F,P:E,Needs_Both,C1,San Francisco,Anthropology,UC Davis,V1"
"Z27,M,P:F,Needs_Apartment,C2,Oakland,Applied Chemistry,UC Davis,V2"
"Z28,F,P:M,Needs_Roommate,C3,Stockton,Applied Mathematics,UC Davis,V3"
"Z29,M,P:E,Needs_Both,C4,Winters,Applied Physics,UC Davis,V4"
"Z30,F,P:F,Needs_Apartment,C5,Davis,Art History,UC Davis,V5"
"Z31,M,P:M,Needs_Roommate,C6,Sacramento,Art Studio,UC Davis,V6"
"Z32,F,P:F,Needs_Roommate,C3,Sacramento,Art Studio,UC Davis,V3"
